{
	"resource_pack_name": "vanilla",
	"texture_name": "atlas.terrain",
	"padding": 8,
	"num_mip_levels": 4,
	"texture_data": {
		"andesite_polished_slab_vertical_side": {
			"textures": "textures/blocks/stone_andesite_smooth"
		},
		"andesite_polished_slab_vertical_top": {
			"textures": "textures/blocks/stone_andesite_smooth"
		},
		"andesite_slab_vertical_side": {
			"textures": "textures/blocks/stone_andesite"
		},
		"andesite_slab_vertical_top": {
			"textures": "textures/blocks/stone_andesite"
		},
		"blackstone_polished_brick_slab_vertical_side": {
			"textures": "textures/blocks/polished_blackstone_bricks"
		},
		"blackstone_polished_brick_slab_vertical_top": {
			"textures": "textures/blocks/polished_blackstone_bricks"
		},
		"blackstone_polished_slab_vertical_side": {
			"textures": "textures/blocks/polished_blackstone"
		},
		"blackstone_polished_slab_vertical_top": {
			"textures": "textures/blocks/polished_blackstone"
		},
		"blackstone_slab_vertical_side": {
			"textures": "textures/blocks/blackstone"
		},
		"blackstone_slab_vertical_top": {
			"textures": "textures/blocks/blackstone_top"
		},
		"brick_slab_vertical_side": {
			"textures": "textures/blocks/brick"
		},
		"brick_slab_vertical_top": {
			"textures": "textures/blocks/brick"
		},
		"cobblestone_mossy_slab_vertical_side": {
			"textures": "textures/blocks/cobblestone_mossy"
		},
		"cobblestone_mossy_slab_vertical_top": {
			"textures": "textures/blocks/cobblestone_mossy"
		},
		"cobblestone_slab_vertical_side": {
			"textures": "textures/blocks/cobblestone"
		},
		"cobblestone_slab_vertical_top": {
			"textures": "textures/blocks/cobblestone"
		},
		"copper_slab_vertical_top": {
			"textures": "textures/blocks/cut_copper"
		},
		"copper_slab_vertical_side": {
			"textures": "textures/blocks/cut_copper"
		},
		"copper_exposed_slab_vertical_top": {
			"textures": "textures/blocks/exposed_cut_copper"
		},
		"copper_exposed_slab_vertical_side": {
			"textures": "textures/blocks/exposed_cut_copper"
		},
		"copper_weathered_slab_vertical_top": {
			"textures": "textures/blocks/weathered_cut_copper"
		},
		"copper_weathered_slab_vertical_side": {
			"textures": "textures/blocks/weathered_cut_copper"
		},
		"copper_oxidized_slab_vertical_top": {
			"textures": "textures/blocks/oxidized_cut_copper"
		},
		"copper_oxidized_slab_vertical_side": {
			"textures": "textures/blocks/oxidized_cut_copper"
		},
		"copper_waxed_slab_vertical_top": {
			"textures": "textures/blocks/cut_copper"
		},
		"copper_waxed_slab_vertical_side": {
			"textures": "textures/blocks/cut_copper"
		},
		"copper_exposed_waxed_slab_vertical_top": {
			"textures": "textures/blocks/exposed_cut_copper"
		},
		"copper_exposed_waxed_slab_vertical_side": {
			"textures": "textures/blocks/exposed_cut_copper"
		},
		"copper_weathered_waxed_slab_vertical_top": {
			"textures": "textures/blocks/weathered_cut_copper"
		},
		"copper_weathered_waxed_slab_vertical_side": {
			"textures": "textures/blocks/weathered_cut_copper"
		},
		"copper_oxidized_waxed_slab_vertical_top": {
			"textures": "textures/blocks/oxidized_cut_copper"
		},
		"copper_oxidized_waxed_slab_vertical_side": {
			"textures": "textures/blocks/oxidized_cut_copper"
		},
		"deepslate_brick_slab_vertical_side": {
			"textures": "textures/blocks/deepslate/deepslate_bricks"
		},
		"deepslate_brick_slab_vertical_top": {
			"textures": "textures/blocks/deepslate/deepslate_bricks"
		},
		"deepslate_cobbled_slab_vertical_side": {
			"textures": "textures/blocks/deepslate/cobbled_deepslate"
		},
		"deepslate_cobbled_slab_vertical_top": {
			"textures": "textures/blocks/deepslate/cobbled_deepslate"
		},
		"deepslate_polished_slab_vertical_side": {
			"textures": "textures/blocks/deepslate/polished_deepslate"
		},
		"deepslate_polished_slab_vertical_top": {
			"textures": "textures/blocks/deepslate/polished_deepslate"
		},
		"deepslate_tiles_slab_vertical_side": {
			"textures": "textures/blocks/deepslate/deepslate_tiles"
		},
		"deepslate_tiles_slab_vertical_top": {
			"textures": "textures/blocks/deepslate/deepslate_tiles"
		},
		"diorite_polished_slab_vertical_side": {
			"textures": "textures/blocks/stone_diorite_smooth"
		},
		"diorite_polished_slab_vertical_top": {
			"textures": "textures/blocks/stone_diorite_smooth"
		},
		"diorite_slab_vertical_side": {
			"textures": "textures/blocks/stone_diorite"
		},
		"diorite_slab_vertical_top": {
			"textures": "textures/blocks/stone_diorite"
		},
		"endstone_brick_slab_vertical_side": {
			"textures": "textures/blocks/end_bricks"
		},
		"endstone_brick_slab_vertical_top": {
			"textures": "textures/blocks/end_bricks"
		},
		"granite_polished_slab_vertical_side": {
			"textures": "textures/blocks/stone_granite_smooth"
		},
		"granite_polished_slab_vertical_top": {
			"textures": "textures/blocks/stone_granite_smooth"
		},
		"granite_slab_vertical_side": {
			"textures": "textures/blocks/stone_granite"
		},
		"granite_slab_vertical_top": {
			"textures": "textures/blocks/stone_granite"
		},
		"mud_bricks_slab_vertical_side": {
			"textures": "textures/blocks/mud_bricks"
		},
		"mud_bricks_slab_vertical_top": {
			"textures": "textures/blocks/mud_bricks"
		},
		"netherbrick_slab_vertical_side": {
			"textures": "textures/blocks/nether_brick"
		},
		"netherbrick_slab_vertical_top": {
			"textures": "textures/blocks/nether_brick"
		},
		"planks_acacia_slab_vertical_side": {
			"textures": "textures/blocks/planks_acacia"
		},
		"planks_acacia_slab_vertical_top": {
			"textures": "textures/blocks/planks_acacia"
		},
		"planks_birch_slab_vertical_side": {
			"textures": "textures/blocks/planks_birch"
		},
		"planks_birch_slab_vertical_top": {
			"textures": "textures/blocks/planks_birch"
		},
		"planks_crimson_slab_vertical_side": {
			"textures": "textures/blocks/huge_fungus/crimson_planks"
		},
		"planks_crimson_slab_vertical_top": {
			"textures": "textures/blocks/huge_fungus/crimson_planks"
		},
		"planks_dark_oak_slab_vertical_side": {
			"textures": "textures/blocks/planks_big_oak"
		},
		"planks_dark_oak_slab_vertical_top": {
			"textures": "textures/blocks/planks_big_oak"
		},
		"planks_jungle_slab_vertical_side": {
			"textures": "textures/blocks/planks_jungle"
		},
		"planks_jungle_slab_vertical_top": {
			"textures": "textures/blocks/planks_jungle"
		},
		"planks_mangrove_slab_vertical_side": {
			"textures": "textures/blocks/mangrove_planks"
		},
		"planks_mangrove_slab_vertical_top": {
			"textures": "textures/blocks/mangrove_planks"
		},
		"planks_oak_slab_vertical_side": {
			"textures": "textures/blocks/planks_oak"
		},
		"planks_oak_slab_vertical_top": {
			"textures": "textures/blocks/planks_oak"
		},
		"planks_pale_oak_slab_vertical_side": {
			"textures": "textures/blocks/pale_oak_planks"
		},
		"planks_pale_oak_slab_vertical_top": {
			"textures": "textures/blocks/pale_oak_planks"
		},
		"planks_spruce_slab_vertical_side": {
			"textures": "textures/blocks/planks_spruce"
		},
		"planks_spruce_slab_vertical_top": {
			"textures": "textures/blocks/planks_spruce"
		},
		"planks_warped_slab_vertical_side": {
			"textures": "textures/blocks/huge_fungus/warped_planks"
		},
		"planks_warped_slab_vertical_top": {
			"textures": "textures/blocks/huge_fungus/warped_planks"
		},
		"prismarine_brick_slab_vertical_side": {
			"textures": "textures/blocks/prismarine_bricks"
		},
		"prismarine_brick_slab_vertical_top": {
			"textures": "textures/blocks/prismarine_bricks"
		},
		"prismarine_dark_slab_vertical_side": {
			"textures": "textures/blocks/prismarine_dark"
		},
		"prismarine_dark_slab_vertical_top": {
			"textures": "textures/blocks/prismarine_dark"
		},
		"prismarine_slab_vertical_side": {
			"textures": "textures/blocks/prismarine_rough"
		},
		"prismarine_slab_vertical_top": {
			"textures": "textures/blocks/prismarine_rough"
		},
		"purpur_slab_vertical_side": {
			"textures": "textures/blocks/purpur_block"
		},
		"purpur_slab_vertical_top": {
			"textures": "textures/blocks/purpur_block"
		},
		"quartz_slab_vertical_side": {
			"textures": "textures/blocks/quartz_block_side"
		},
		"quartz_slab_vertical_top": {
			"textures": "textures/blocks/quartz_block_top"
		},
		"quartz_smooth_slab_vertical_side": {
			"textures": "textures/blocks/quartz_block_bottom"
		},
		"quartz_smooth_slab_vertical_top": {
			"textures": "textures/blocks/quartz_block_bottom"
		},
		"red_netherbrick_slab_vertical_side": {
			"textures": "textures/blocks/red_nether_brick"
		},
		"red_netherbrick_slab_vertical_top": {
			"textures": "textures/blocks/red_nether_brick"
		},
		"red_sandstone_cut_slab_vertical_side": {
			"textures": "textures/blocks/red_sandstone_smooth"
		},
		"red_sandstone_cut_slab_vertical_top": {
			"textures": "textures/blocks/red_sandstone_top"
		},
		"red_sandstone_slab_vertical_side": {
			"textures": "textures/blocks/red_sandstone_normal"
		},
		"red_sandstone_slab_vertical_top": {
			"textures": "textures/blocks/red_sandstone_top"
		},
		"red_sandstone_smooth_slab_vertical_side": {
			"textures": "textures/blocks/red_sandstone_top"
		},
		"red_sandstone_smooth_slab_vertical_top": {
			"textures": "textures/blocks/red_sandstone_top"
		},
		"sandstone_cut_slab_vertical_side": {
			"textures": "textures/blocks/sandstone_smooth"
		},
		"sandstone_cut_slab_vertical_top": {
			"textures": "textures/blocks/sandstone_top"
		},
		"sandstone_slab_vertical_side": {
			"textures": "textures/blocks/sandstone_normal"
		},
		"sandstone_slab_vertical_top": {
			"textures": "textures/blocks/sandstone_top"
		},
		"sandstone_smooth_slab_vertical_side": {
			"textures": "textures/blocks/sandstone_top"
		},
		"sandstone_smooth_slab_vertical_top": {
			"textures": "textures/blocks/sandstone_top"
		},
		"smooth_stone_slab_vertical_side": {
			"textures": "textures/blocks/stone_slab_side"
		},
		"smooth_stone_slab_vertical_top": {
			"textures": "textures/blocks/stone_slab_top"
		},
		"stone_slab_vertical_side": {
			"textures": "textures/blocks/stone"
		},
		"stone_slab_vertical_top": {
			"textures": "textures/blocks/stone"
		},
		"stonebrick_mossy_slab_vertical_side": {
			"textures": "textures/blocks/stonebrick_mossy"
		},
		"stonebrick_mossy_slab_vertical_top": {
			"textures": "textures/blocks/stonebrick_mossy"
		},
		"stonebrick_slab_vertical_side": {
			"textures": "textures/blocks/stonebrick"
		},
		"stonebrick_slab_vertical_top": {
			"textures": "textures/blocks/stonebrick"
		},
		"testing": {
			"textures": "textures/blocks/waxed/testing_texture"
		},
		"tuff_brick_slab_vertical_side": {
			"textures": "textures/blocks/tuff_bricks"
		},
		"tuff_brick_slab_vertical_top": {
			"textures": "textures/blocks/tuff_bricks"
		},
		"tuff_polished_slab_vertical_side": {
			"textures": "textures/blocks/polished_tuff"
		},
		"tuff_polished_slab_vertical_top": {
			"textures": "textures/blocks/polished_tuff"
		},
		"tuff_slab_vertical_side": {
			"textures": "textures/blocks/tuff"
		},
		"tuff_slab_vertical_top": {
			"textures": "textures/blocks/tuff"
		},
		"dirt": {
			"textures": "textures/blocks/dirt"
		},
		"lapis": {
			"textures": "textures/blocks/textures/blocks/lapis_block"
		},
		"purpur": {
			"textures": "textures/blocks/textures/blocks/purpur_block"
		},
		"mushroom": {
			"textures": "textures/blocks/textures/blocks/textures/blocks/mushroom_block_skin_red"
		},
		"honey": {
			"textures": "textures/blocks/textures/blocks/honeycomb"
		},
		"emerald": {
			"textures": "textures/blocks/textures/blocks/emerald_block"
		},
		"waxed_copper_vertical_double1": {
			"textures": "textures/blocks/waxed/waxed_copper_vertical_double1"
		},
		"waxed_exposed_copper_vertical_double1": {
			"textures": "textures/blocks/waxed/waxed_exposed_copper_vertical_double1"
		},
		"waxed_oxidized_copper_vertical_double1": {
			"textures": "textures/blocks/waxed/waxed_oxidized_copper_vertical_double1"
		},
		"waxed_weathered_copper_vertical_double1": {
			"textures": "textures/blocks/waxed/waxed_weathered_copper_vertical_double1"
		},
		"waxed_cut_copper": {
			"textures": "textures/blocks/waxed/waxed_cut_copper"
		},
		"waxed_oxidized_cut_copper": {
			"textures": "textures/blocks/waxed/waxed_oxidized_cut_copper"
		},
		"waxed_exposed_cut_copper": {
			"textures": "textures/blocks/waxed/waxed_exposed_cut_copper"
		},
		"waxed_weathered_cut_copper": {
			"textures": "textures/blocks/waxed/waxed_weathered_cut_copper"
		}
	}
}
