{
	"format_version": "1.21.60",
	"minecraft:block": {
		"description": {
			"identifier": "kado:copper_exposed_slab_vertical",
			"menu_category": {
				"category": "construction"
			},
			"traits": {
				"minecraft:placement_direction": {
					"enabled_states": ["minecraft:cardinal_direction"],
					"y_rotation_offset": 180 // Face towards player
				}
			}
		},
		"components": {
			"minecraft:geometry": "geometry.kado.slab_vertical",
			"minecraft:material_instances": {
				"*": {
					"texture": "copper_exposed_slab_vertical_side",
					"render_method": "opaque"
				},
				"up": {
					"texture": "copper_exposed_slab_vertical_top",
					"render_method": "opaque"
				},
				"down": {
					"texture": "copper_exposed_slab_vertical_top",
					"render_method": "opaque"
				}
			},
			"minecraft:collision_box": {
				"origin": [-8, 0, 0],
				"size": [16, 16, 8]
			},
			"minecraft:selection_box": {
				"origin": [-8, 0, 0],
				"size": [16, 16, 8]
			},
			"minecraft:light_dampening": 0,
			"tag:stone": {},
			"minecraft:destructible_by_mining": {
				"seconds_to_destroy": 1.0,
				"item_specific_speeds": [
					{
						"item": "wooden_",
						"destroy_speed": 0.0
					},
					{
						"item": "stone_",
						"destroy_speed": 0.0
					},
					{
						"item": "iron_",
						"destroy_speed": 0.0
					},
					{
						"item": "golden_",
						"destroy_speed": 0.0
					},
					{
						"item": "diamond_",
						"destroy_speed": 0.0
					},
					{
						"item": "netherite_",
						"destroy_speed": 0.0
					}
				]
			}
		},
		"permutations": [
			// Facing north
			{
				"condition": "q.block_state('minecraft:cardinal_direction') == 'north'",
				"components": {
					"minecraft:transformation": { "rotation": [0, 0, 0] }
				}
			},
			// Facing west
			{
				"condition": "q.block_state('minecraft:cardinal_direction') == 'west'",
				"components": {
					"minecraft:transformation": { "rotation": [0, 90, 0] }
				}
			},
			// Facing south
			{
				"condition": "q.block_state('minecraft:cardinal_direction') == 'south'",
				"components": {
					"minecraft:transformation": { "rotation": [0, 180, 0] }
				}
			},
			// Facing east
			{
				"condition": "q.block_state('minecraft:cardinal_direction') == 'east'",
				"components": {
					"minecraft:transformation": { "rotation": [0, -90, 0] }
				}
			}
		]
	}
}
