{
	"format_version": "1.21.0",
	"minecraft:geometry": [
		{
			"description": {
				"identifier": "geometry.kado.slab_vertical",
				"texture_width": 16,
				"texture_height": 16,
				"visible_bounds_width": 3,
				"visible_bounds_height": 2.5,
				"visible_bounds_offset": [0, 0.75, 0]
			},
			"bones": [
				{
					"name": "root",
					"pivot": [0, 8, 0],
					"rotation": [0, 0, 90],
					"cubes": [
						{
							"origin": [0, 8, 0],
							"size": [16, 16, 8],
							"pivot": [8, 8, 0],
							"rotation": [0, 0, -90],
							"uv": {
								"north": {"uv": [0, 0], "uv_size": [16, 16]},
								"east": {"uv": [0, 0], "uv_size": [8, 16]},
								"south": {"uv": [0, 0], "uv_size": [16, 16]},
								"west": {"uv": [8, 0], "uv_size": [8, 16]},
								"up": {"uv": [16, 8], "uv_size": [-16, -8]},
								"down": {"uv": [16, 8], "uv_size": [-16, -8]}
							}
						}
					]
				}
			]
		},
		{
			"description": {
				"identifier": "geometry.kado.double_slab_vertical",
				"texture_width": 16,
				"texture_height": 16,
				"visible_bounds_width": 3,
				"visible_bounds_height": 2.5,
				"visible_bounds_offset": [0, 0.75, 0]
			},
			"bones": [
				{
					"name": "root",
					"pivot": [0, 8, 0],
					"rotation": [0, 0, 90],
					"cubes": [
						{
							"origin": [-8, 0, -8],
							"size": [16, 8, 16],
							"pivot": [0, 0, 0],
							"rotation": [0, -90, 0],
							"uv": {
								"north": {
									"uv": [16, 8],
									"uv_size": [-16, 8]
								},
								"east": {
									"uv": [0, 0],
									"uv_size": [8, 16],
									"uv_rotation": 270
								},
								"south": {
									"uv": [0, 8],
									"uv_size": [16, 8]
								},
								"west": {
									"uv": [8, 0],
									"uv_size": [-8, 16],
									"uv_rotation": 90
								},
								"up": {
									"uv": [16, 16],
									"uv_size": [-16, -16]
								},
								"down": {
									"uv": [16, 16],
									"uv_size": [-16, -16]
								}
							}
						},
						{
							"origin": [-8, 8, -8],
							"size": [16, 8, 16],
							"pivot": [0, 0, 0],
							"rotation": [0, -90, 0],
							"uv": {
								"north": {
									"uv": [16, 0],
									"uv_size": [-16, 8]
								},
								"east": {
									"uv": [8, 0],
									"uv_size": [8, 16],
									"uv_rotation": 270
								},
								"south": {
									"uv": [0, 0],
									"uv_size": [16, 8]
								},
								"west": {
									"uv": [16, 0],
									"uv_size": [-8, 16],
									"uv_rotation": 90
								},
								"up": {
									"uv": [16, 16],
									"uv_size": [-16, -16]
								},
								"down": {
									"uv": [16, 16],
									"uv_size": [-16, -16]
								}
							}
						}
					]
				}
			]
		}
	]
}