{
	"format_version": "1.21.60",
	"minecraft:block": {
		"description": {
			"identifier": "kado:dark_oak_planks_vertical_slab",
			"menu_category": {
				"category": "construction"
			},
			"traits": {
				"minecraft:placement_direction": {
					"enabled_states": ["minecraft:cardinal_direction"],
					"y_rotation_offset": 180
				}
			}
		},
		"components": {
			"minecraft:geometry": "geometry.kado.vertical_slab",
			"minecraft:material_instances": {
				"*": {
					"texture": "dark_oak_planks_vertical_slab_side",
					"render_method": "opaque"
				},
				"up": {
					"texture": "dark_oak_planks_vertical_slab_top",
					"render_method": "opaque"
				},
				"down": {
					"texture": "dark_oak_planks_vertical_slab_top",
					"render_method": "opaque"
				}
			},
			"minecraft:collision_box": {
				"origin": [-8, 0, 0],
				"size": [16, 16, 8]
			},
			"minecraft:selection_box": {
				"origin": [-8, 0, 0],
				"size": [16, 16, 8]
			},
			"minecraft:light_dampening": 0,
			"tag:stone": {},
			"minecraft:destructible_by_mining": {
				"seconds_to_destroy": 3.0,
				"item_specific_speeds": [
					{
						"item": "wooden_axe",
						"destroy_speed": 1.5
					},
					{
						"item": "stone_axe",
						"destroy_speed": 0.75
					},
					{
						"item": "iron_axe",
						"destroy_speed": 0.5
					},
					{
						"item": "diamond_axe",
						"destroy_speed": 0.4
					},
					{
						"item": "netherite_axe",
						"destroy_speed": 0.35
					},
					{
						"item": "golden_axe",
						"destroy_speed": 0.25
					}
				]
			}
		},
		"permutations": [
			{
				"condition": "q.block_state('minecraft:cardinal_direction') == 'north'",
				"components": {
					"minecraft:transformation": { "rotation": [0, 0, 0] }
				}
			},
			{
				"condition": "q.block_state('minecraft:cardinal_direction') == 'west'",
				"components": {
					"minecraft:transformation": { "rotation": [0, 90, 0] }
				}
			},
			{
				"condition": "q.block_state('minecraft:cardinal_direction') == 'south'",
				"components": {
					"minecraft:transformation": { "rotation": [0, 180, 0] }
				}
			},
			{
				"condition": "q.block_state('minecraft:cardinal_direction') == 'east'",
				"components": {
					"minecraft:transformation": { "rotation": [0, -90, 0] }
				}
			}
		]
	}
}
