{
	"format_version": "1.21.60",
	"minecraft:block": {
		"description": {
			"identifier": "kado:blackstone_vertical_slab",
			"menu_category": {
				"category": "construction"
			},
			"traits": {
				"minecraft:placement_direction": {
					"enabled_states": ["minecraft:cardinal_direction"],
					"y_rotation_offset": 180
				}
			}
		},
		"components": {
			"minecraft:geometry": "geometry.kado.vertical_slab",
			"minecraft:material_instances": {
				"*": {
					"texture": "blackstone_vertical_slab_side",
					"render_method": "opaque"
				},
				"up": {
					"texture": "blackstone_vertical_slab_top",
					"render_method": "opaque"
				},
				"down": {
					"texture": "blackstone_vertical_slab_top",
					"render_method": "opaque"
				}
			},
			"minecraft:collision_box": {
				"origin": [0, 0, -8],
				"size": [8, 16, 16]
			},
			"minecraft:selection_box": {
				"origin": [0, 0, -8],
				"size": [8, 16, 16]
			},
			"minecraft:light_dampening": 0,
			"tag:minecraft:is_pickaxe_item_destructible": {},
			"minecraft:destructible_by_mining": {
				"seconds_to_destroy": 7.5,
				"item_specific_speeds": [
					{ "item": "wooden_pickaxe", "destroy_speed": 1.15 },
					{ "item": "stone_pickaxe", "destroy_speed": 0.6 },
					{ "item": "iron_pickaxe", "destroy_speed": 0.4 },
					{ "item": "diamond_pickaxe", "destroy_speed": 0.3 },
					{ "item": "netherite_pickaxe", "destroy_speed": 0.25 },
					{ "item": "golden_pickaxe", "destroy_speed": 0.2 }
				]
			}
		},
		"permutations": [
			{
				"condition": "q.block_state('minecraft:cardinal_direction') == 'north'",
				"components": {
					"minecraft:transformation": { "rotation": [0, 0, 0] }
				}
			},
			{
				"condition": "q.block_state('minecraft:cardinal_direction') == 'west'",
				"components": {
					"minecraft:transformation": { "rotation": [0, 90, 0] }
				}
			},
			{
				"condition": "q.block_state('minecraft:cardinal_direction') == 'south'",
				"components": {
					"minecraft:transformation": { "rotation": [0, 180, 0] }
				}
			},
			{
				"condition": "q.block_state('minecraft:cardinal_direction') == 'east'",
				"components": {
					"minecraft:transformation": { "rotation": [0, -90, 0] }
				}
			}
		]
	}
}
