{
	"parent": "block/block",
	"textures": {
		"top": "#top",
		"inside": "#inside",
		"back": "#back",
		"outside": "#outside",
		"front": "#front",
		"bottom": "#bottom"
	},
	"elements": [
		{
			"from": [0, 0, 0],
			"to": [8, 16, 16],
			"rotation": { "angle": 0, "axis": "y", "origin": [-8, -7, 0] },
			"color": 7,
			"faces": {
				"north": {
					"uv": [8, 0, 16, 16],
					"texture": "#front",
					"cullface": "north"
				},
				"east": {
					"uv": [0, 0, 16, 16],
					"texture": "#inside",
					"cullface": "east"
				},
				"south": {
					"uv": [0, 0, 8, 16],
					"texture": "#back",
					"cullface": "south"
				},
				"west": {
					"uv": [0, 0, 16, 16],
					"texture": "#outside",
					"cullface": "east"
				},
				"up": { "uv": [0, 0, 8, 16], "texture": "#top", "cullface": "up" },
				"down": {
					"uv": [0, 0, 8, 16],
					"texture": "#bottom",
					"cullface": "down"
				}
			}
		}
	],
	"display": {
		"thirdperson_righthand": {
			"rotation": [75, 45, 0],
			"translation": [0, 2.5, 0],
			"scale": [0.375, 0.375, 0.375]
		},
		"thirdperson_lefthand": {
			"rotation": [75, 45, 0],
			"translation": [0, 2.5, 0],
			"scale": [0.375, 0.375, 0.375]
		},
		"firstperson_righthand": {
			"rotation": [0, 45, 0],
			"scale": [0.4, 0.4, 0.4]
		},
		"firstperson_lefthand": {
			"rotation": [0, 225, 0],
			"scale": [0.4, 0.4, 0.4]
		},
		"ground": {
			"translation": [0, 3, 0],
			"scale": [0.25, 0.25, 0.25]
		},
		"gui": {
			"rotation": [30, 135, 0],
			"scale": [0.625, 0.625, 0.625]
		},
		"head": {
			"rotation": [0, -90, 0]
		},
		"fixed": {
			"scale": [0.5, 0.5, 0.5]
		}
	}
}
