{
	"format_version": "1.1.0",
	"kado:andesite_polished_slab_vertical": {
		"sound": "stone"
	},
	"kado:andesite_slab_vertical": {
		"sound": "stone"
	},
	"kado:blackstone_polished_brick_slab_vertical": {
		"sound": "nether_brick"
	},
	"kado:blackstone_polished_slab_vertical": {
		"sound": "stone"
	},
	"kado:blackstone_slab_vertical": {
		"sound": "stone"
	},
	"kado:brick_slab_vertical": {
		"sound": "nether_brick"
	},
	"kado:copper_exposed_slab_vertical": {
		"sound": "copper"
	},
	"kado:copper_exposed_waxed_slab_vertical": {
		"isotropic": false,
		"carried_textures": {
			"east": "waxed_exposed_cut_copper",
			"west": "waxed_exposed_cut_copper",
			"south": "waxed_expoxed_copper_vertical_double1",
			"up": "waxed_exposed_copper_vertical_double1",
			"north": "waxed_exposed_copper_vertical_double1",
			"down": "waxed_exposed_copper_vertical_double1"
		},
		"sound": "copper"
	},
	"kado:copper_oxidized_slab_vertical": {
		"sound": "copper"
	},
	"kado:copper_oxidized_waxed_slab_vertical": {
		"isotropic": false,
		"carried_textures": {
			"east": "waxed_oxidized_cut_copper",
			"west": "waxed_oxidized_cut_copper",
			"south": "waxed_oxidized_copper_vertical_double1",
			"up": "waxed_oxidized_copper_vertical_double1",
			"north": "waxed_oxidized_copper_vertical_double1",
			"down": "waxed_oxidized_copper_vertical_double1"
		},
		"sound": "copper"
	},
	"kado:copper_slab_vertical": {
		"sound": "copper"
	},
	"kado:copper_waxed_slab_vertical": {
		"isotropic": false,
		"carried_textures": {
			"east": "waxed_cut_copper",
			"west": "waxed_cut_copper",
			"south": "waxed_copper_vertical_double1",
			"up": "waxed_copper_vertical_double1",
			"north": "waxed_copper_vertical_double1",
			"down": "waxed_copper_vertical_double1"
		},
		"sound": "copper"
	},
	"kado:copper_weathered_slab_vertical": {
		"sound": "copper"
	},
	"kado:copper_weathered_waxed_slab_vertical": {
		"isotropic": false,
		"carried_textures": {
			"east": "waxed_weathered_cut_copper",
			"west": "waxed_weathered_cut_copper",
			"south": "waxed_weathered_copper_vertical_double1",
			"up": "waxed_weathered_copper_vertical_double1",
			"north": "waxed_weathered_copper_vertical_double1",
			"down": "waxed_weathered_copper_vertical_double1"
		},
		"sound": "copper"
	},
	"kado:deepslate_brick_slab_vertical": {
		"sound": "deepslate_bricks"
	},
	"kado:deepslate_cobbled_slab_vertical": {
		"sound": "deepslate"
	},
	"kado:deepslate_polished_slab_vertical": {
		"sound": "deepslate"
	},
	"kado:deepslate_tiles_slab_vertical": {
		"sound": "deepslate_bricks"
	},
	"kado:diorite_polished_slab_vertical": {
		"sound": "stone"
	},
	"kado:diorite_slab_vertical": {
		"sound": "stone"
	},
	"kado:endstone_brick_slab_vertical": {
		"sound": "nether_brick"
	},
	"kado:granite_polished_slab_vertical": {
		"sound": "stone"
	},
	"kado:granite_slab_vertical": {
		"sound": "stone"
	},
	"kado:mud_bricks_slab_vertical": {
		"sound": "mud_bricks"
	},
	"kado:netherbrick_slab_vertical": {
		"sound": "nether_brick"
	},
	"kado:planks_acacia_slab_vertical": {
		"sound": "wood"
	},
	"kado:planks_birch_slab_vertical": {
		"sound": "wood"
	},
	"kado:planks_crimson_slab_vertical": {
		"sound": "nether_wood"
	},
	"kado:planks_dark_oak_slab_vertical": {
		"sound": "wood"
	},
	"kado:planks_jungle_slab_vertical": {
		"sound": "wood"
	},
	"kado:planks_mangrove_slab_vertical": {
		"sound": "wood"
	},
	"kado:planks_oak_slab_vertical": {
		"sound": "wood"
	},
	"kado:planks_spruce_slab_vertical": {
		"sound": "wood"
	},
	"kado:planks_warped_slab_vertical": {
		"sound": "nether_wood"
	},
	"kado:prismarine_brick_slab_vertical": {
		"sound": "stone"
	},
	"kado:prismarine_dark_slab_vertical": {
		"sound": "stone"
	},
	"kado:prismarine_slab_vertical": {
		"sound": "stone"
	},
	"kado:purpur_slab_vertical": {
		"sound": "stone"
	},
	"kado:quartz_slab_vertical": {
		"sound": "stone"
	},
	"kado:quartz_smooth_slab_vertical": {
		"sound": "stone"
	},
	"kado:red_netherbrick_slab_vertical": {
		"sound": "nether_brick"
	},
	"kado:red_sandstone_cut_slab_vertical": {
		"sound": "stone"
	},
	"kado:red_sandstone_slab_vertical": {
		"sound": "stone"
	},
	"kado:red_sandstone_smooth_slab_vertical": {
		"sound": "stone"
	},
	"kado:sandstone_cut_slab_vertical": {
		"sound": "stone"
	},
	"kado:sandstone_slab_vertical": {
		"sound": "stone"
	},
	"kado:sandstone_smooth_slab_vertical": {
		"sound": "stone"
	},
	"kado:smooth_stone_slab_vertical": {
		"sound": "stone"
	},
	"kado:stone_slab_vertical": {
		"sound": "stone"
	},
	"kado:stonebrick_mossy_slab_vertical": {
		"sound": "stone"
	},
	"kado:stonebrick_slab_vertical": {
		"sound": "nether_brick"
	},
	"kado:tuff_polished_slab_vertical": {
		"sound": "stone"
	},
	"kado:tuff_slab_vertical": {
		"sound": "stone"
	},
	"kado:tuff_brick_slab_vertical": {
		"sound": "nether_brick"
	}
}
